index,image,valid,title,image_url
0,,,standard-resin-with-support,https://static.helpjuice.com/helpjuice_production/uploads/upload/image/2889/105014/standard-resin-with-support.jpg
1,,1,3d-printing-support-structure-1024x340,https://i.materialise.com/blog/wp-content/uploads/2017/04/3d-printing-support-structure-1024x340.jpg
2,,,standard-resin-3d-print-with-support-struecture,https://i.materialise.com/blog/wp-content/uploads/2017/04/standard-resin-3d-print-with-support-struecture.jpg
3,,1,standard-resin-without-support,https://static.helpjuice.com/helpjuice_production/uploads/upload/image/2889/105015/standard-resin-without-support.jpg
4,,,chandelier_-_image4,https://formlabs-media.formlabs.com/filer_public_thumbnails/filer_public/a2/7e/a27e956e-27eb-4c07-8671-11a668f9e77d/chandelier_-_image4.png__664x0_q85_subsampling-2.png
5,,,12347da2e2a5624db829235faec052124c34eab7,https://www.3dhubs.com/talk/uploads/db5060/original/2X/1/12347da2e2a5624db829235faec052124c34eab7.jpg
6,,,Support-Structure-3d-printing,https://s.pick3dprinter.com/wp-content/uploads/2019/08/Support-Structure-3d-printing.jpg
7,,,maxresdefault,https://i.ytimg.com/vi/How6mNLz-mc/maxresdefault.jpg
8,,,dc5e4e2307f63fff46bc98637762aa84,https://i.pinimg.com/originals/dc/5e/4e/dc5e4e2307f63fff46bc98637762aa84.jpg
9,,,a-comparison-of-two-types-of-supports-formlabs-180518,"https://i.all3dp.com/cdn-cgi/image/fit=cover,w=1284,h=722,gravity=0.5x0.5,format=auto/wp-content/uploads/2018/05/26151135/a-comparison-of-two-types-of-supports-formlabs-180518.jpg"
10,,,meshmixer_2017-10-09_17-11-14_large,https://cdn.shopify.com/s/files/1/1660/9083/files/meshmixer_2017-10-09_17-11-14_large.png?v=1507594351
11,,,materialise2,https://www.digitalengineering247.com/images/rapid-ready/materialise2.jpg
12,,,Support-Structures-5c755528c9e77c00011c826e,https://www.lifewire.com/thmb/8pfUff99V9xY_x99A_ZiRNh9GE4=/2044x1466/filters:no_upscale():max_bytes(150000):strip_icc()/Support-Structures-5c755528c9e77c00011c826e.jpg
13,,,Support-structures-from-3D-printing-shown-on-SLA-cranium-section-left-UM-cranium,https://www.researchgate.net/publication/328153099/figure/fig7/AS:679630260404225@1539047889117/Support-structures-from-3D-printing-shown-on-SLA-cranium-section-left-UM-cranium.png
14,,,maxresdefault,https://i.ytimg.com/vi/yyTjFpfGsoY/maxresdefault.jpg
15,,,3d-printing-technology,https://www.tellmehow.co/wp-content/uploads/2017/08/3d-printing-technology.png
16,,1,3d-printed-resin-changes,https://i.materialise.com/blog/wp-content/uploads/2017/02/3d-printed-resin-changes.jpg
17,,1,Hit-Panther-by-Will-du-Toit,https://i.materialise.com/img/materials/resins/SamplesGallery/StandardResin/FullSizeImages/Hit-Panther-by-Will-du-Toit.jpg
17,,1,Hit-Panther-by-Will-du-Toit,https://i.materialise.com/img/materials/resins/SamplesGallery/StandardResin/FullSizeImages/Hit-Panther-by-Will-du-Toit.jpg
18,,,esun-water-washable-resin,https://i1.wp.com/3dadept.com/wp-content/uploads/2020/06/esun-water-washable-resin.png?fit=3160%2C1374&ssl=1
19,,1,url=http%3A%2F%2Fnewatlas-brightspot.s3.amazonaws.com%2Farchive%2Fresin-light-3d-printing-2,https://assets.newatlas.com/dims4/default/f0b1a10/2147483647/strip/true/crop/1440x864+0+0/resize/1440x864!/quality/90/?url=http%3A%2F%2Fnewatlas-brightspot.s3.amazonaws.com%2Farchive%2Fresin-light-3d-printing-2.jpg
20,,,67ffdced70b381ceb89b6e59d9512e21,https://i.pinimg.com/originals/67/ff/dc/67ffdced70b381ceb89b6e59d9512e21.jpg
22,,,ebz8gkt6k3n01,https://i.redd.it/ebz8gkt6k3n01.jpg
23,,1,image07,https://files.pinshape.com/guides/materials-guide/image07.jpg
24,,1,EPFL-3D-Printing,https://www.theburnin.com/wp-content/uploads/2020/02/EPFL-3D-Printing.jpg
25,,1,large-web_ads_imaterialise-11,https://i.materialise.com/blog/wp-content/uploads/2017/12/large-web_ads_imaterialise-11.jpg
26,,1,5ec84c8694092c45971fb0d1007758cb,https://i.pinimg.com/474x/5e/c8/4c/5ec84c8694092c45971fb0d1007758cb.jpg
27,,,ABS-matt-Grey-1,https://print3dresin.com/wp-content/uploads/2018/11/ABS-matt-Grey-1.png
28,,1,DWH1GDoX0AAMWS_grande,https://cdn.shopify.com/s/files/1/0677/6533/files/DWH1GDoX0AAMWS_grande.jpg?v=1518772875
29,,1,maxresdefault,https://i.ytimg.com/vi/QZ1BJxGGQ4E/maxresdefault.jpg
30,,,a59b3865319df9539115da6ecd55f7ed,https://i.pinimg.com/originals/a5/9b/38/a59b3865319df9539115da6ecd55f7ed.png
31,,,1293afbab588b6b1b6b76b898829bef1,https://i.pinimg.com/564x/12/93/af/1293afbab588b6b1b6b76b898829bef1.jpg
32,,1,3D-Puzzle-Metal-Earth-Dinosaur-skeleton-model-Series-Laser-Cut-Tyrannosaurus-Rex-PterosaurModel-Educational-DIY-Jigsaw-2,https://prehistorickids.com/wp-content/uploads/2017/08/3D-Puzzle-Metal-Earth-Dinosaur-skeleton-model-Series-Laser-Cut-Tyrannosaurus-Rex-PterosaurModel-Educational-DIY-Jigsaw-2.jpg
33,,1,plesio_bb_1024x1024,https://cdn.shopify.com/s/files/1/1908/4073/products/plesio_bb_1024x1024.jpg?v=1553189417
34,,1,jakus3HR.0.0,https://cdn.vox-cdn.com/thumbor/H-EUubswJSqERxx2zn6DQJqlGmI=/2228x0:8620x4261/1200x800/filters:focal(2228x0:8620x4261)/cdn.vox-cdn.com/uploads/chorus_image/image/51087943/jakus3HR.0.0.jpg
35,,,support-surcture-for-3d-printing,https://i.materialise.com/blog/wp-content/uploads/2017/04/support-surcture-for-3d-printing.jpg
36,,1,93bf730a5183a53bb8d9bdd772a64e58,https://i.pinimg.com/originals/93/bf/73/93bf730a5183a53bb8d9bdd772a64e58.jpg
37,,,Clear-Print,https://print3dresin.com/wp-content/uploads/2018/11/Clear-Print.png
38,,,SLA-Print-Sample,https://hackaday.com/wp-content/uploads/2019/09/SLA-Print-Sample.jpg
39,,,ring-3d-printing,https://3dprintingindustry.com/wp-content/uploads/2014/03/ring-3d-printing.jpg
40,,1,resin-types-300x196,https://kpif.umbc.edu/files/2017/01/resin-types-300x196.jpg
41,,1,nano,https://3dprintingindustry.com/wp-content/uploads/2018/10/nano.png
42,,1,fbd0142b2d6450c114917c524e1ba190,https://i.pinimg.com/originals/fb/d0/14/fbd0142b2d6450c114917c524e1ba190.jpg
43,,1,79qhzvk4cvw31,https://i.redd.it/79qhzvk4cvw31.jpg
44,,1,tarwarsminis-5-1400x800,https://3dprintguides.com/wp-content/uploads/2020/02/tarwarsminis-5-1400x800.jpg
45,,1,bubbles,https://i1.wp.com/tangibleday.com/wp-content/uploads/2020/06/bubbles.jpg?fit=623%2C1024&ssl=1
46,,1,cb748f41092349.579887b76677f,https://mir-s3-cdn-cf.behance.net/project_modules/max_1200/cb748f41092349.579887b76677f.jpg
47,,1,df17f19f992921ddbac742f21ff927c34b06b07e,https://www.zbrushcentral.com/uploads/default/original/4X/d/f/1/df17f19f992921ddbac742f21ff927c34b06b07e.jpeg
48,,1,andrew-hamilton-concept-alien-copy,https://cdnb.artstation.com/p/assets/images/images/009/442/925/large/andrew-hamilton-concept-alien-copy.jpg?1519041032
50,,1,SLA-Print-Sample,https://hackaday.com/wp-content/uploads/2019/09/SLA-Print-Sample.jpg?w=800
51,,,maxresdefault,https://i.ytimg.com/vi/ONBHkzimRbg/maxresdefault.jpg
52,,1,hqdefault,https://i.ytimg.com/vi/MJxu-Y-PWvY/hqdefault.jpg
53,,,Chandelier_-_image2,https://archive-media.formlabs.com/upload/Chandelier_-_image2.png
54,,1,elastic-blog-herojpg__1354x0_q85_subsampling-2,https://formlabs-media.formlabs.com/filer_public_thumbnails/filer_public/04/9e/049e8653-6b0b-4a77-a44a-2e053c1c5bcf/elastic-blog-herojpg__1354x0_q85_subsampling-2.jpg__664x0_q85_subsampling-2.jpg
55,,1,3DPrintService_Section-JetEngine-2-e1566113423428,https://www.prozix.com/wp-content/uploads/2019/08/3DPrintService_Section-JetEngine-2-e1566113423428.jpg
56,,1,Chandelier_-_image8,https://archive-media.formlabs.com/upload/Chandelier_-_image8.png
57,,,19dee64a3f44fc64eb98b7a482d7b45d,https://i.pinimg.com/originals/19/de/e6/19dee64a3f44fc64eb98b7a482d7b45d.jpg
58,,1,141386626861,https://media.cmsmax.com/yjedsorbioslh6anj2dr5/0141386626861.jpg
59,,1,Chandelier_-_image7,https://archive-media.formlabs.com/upload/Chandelier_-_image7.png
60,,1,MakerBot-Drones-Multiple-3D-Print-Easy-Prototyping,https://proto3000.com/wp-content/uploads/2018/08/MakerBot-Drones-Multiple-3D-Print-Easy-Prototyping.png
61,,1,ecumeur095-compressor,https://i.materialise.com/blog/wp-content/uploads/2018/01/ecumeur095-compressor.jpg
62,,1,image.imageformat.lightbox.650380140,https://edac.ethz.ch/Research/Design-of-4D-Printed-Deployable-Active-Systems/_jcr_content/par/fullwidthimage/image.imageformat.lightbox.650380140.png
63,,,cover-134,https://www.3dnatives.com/en/wp-content/uploads/sites/2/cover-134.jpg
64,,1,Chandelier_-_image3,https://archive-media.formlabs.com/upload/Chandelier_-_image3.png
65,,1,04_LP_bowl2_site,https://www.janestown.net/wp-content/uploads/2014/09/04_LP_bowl2_site.jpg
66,,1,Decimal_p02_H3_016_02-1,https://settingmind.com/wp-content/uploads/2019/01/Decimal_p02_H3_016_02-1.jpg
67,,,Chandelier_-_image5,https://archive-media.formlabs.com/upload/Chandelier_-_image5.png
68,,1,612f6757233968a3176c7d6a961ec782,https://i.pinimg.com/originals/61/2f/67/612f6757233968a3176c7d6a961ec782.jpg
69,,1,6f71ebec019f8593a1fa016509451a4798ce0834,https://www.3dhubs.com/talk/uploads/db5060/original/2X/6/6f71ebec019f8593a1fa016509451a4798ce0834.jpg
70,,1,maxresdefault,https://i.ytimg.com/vi/er9fdQ_4xVs/maxresdefault.jpg
71,,1,maxresdefault,https://i.ytimg.com/vi/fcCqZ9PMhtU/maxresdefault.jpg
72,,1,Wpv9KxU,https://i.imgur.com/Wpv9KxU.jpg
73,,1,container_succubus-3d-print-model-3d-printing-183757,https://assets.pinshape.com/uploads/image/file/183757/container_succubus-3d-print-model-3d-printing-183757.jpg
74,,1,4eb26495ae9f46cb90f762fb4113cfb7df570f89,https://www.3dhubs.com/talk/uploads/db5060/original/2X/4/4eb26495ae9f46cb90f762fb4113cfb7df570f89.jpg
75,,1,2af7c0ac12252c053a74ca15340d1f0f,https://i.pinimg.com/originals/2a/f7/c0/2af7c0ac12252c053a74ca15340d1f0f.jpg
76,,1,cb54de8c548de2b932cb4e042e9f545f,https://i.pinimg.com/originals/cb/54/de/cb54de8c548de2b932cb4e042e9f545f.png
78,,1,Smite-Kukulkan-3D-Print-Header-Image-htxt.africa-2,https://www.htxt.co.za/wp-content/uploads/2017/03/Smite-Kukulkan-3D-Print-Header-Image-htxt.africa-2.jpeg
79,,1,3d-model-by-andy-jones-1024x688,https://i.materialise.com/blog/wp-content/uploads/2016/05/3d-model-by-andy-jones-1024x688.jpg
80,,1,3d-printed-exoskeleton-arms-3d-model-stl,https://img1.cgtrader.com/items/257766/22dc9c01c7/3d-printed-exoskeleton-arms-3d-model-stl.png
81,,1,50BEARS-780x405,https://www.3dprintingmedia.network/wp-content/uploads/2017/01/50BEARS-780x405.jpg
82,,1,manifold-main_1,https://bigrep.com/wp-content/uploads/2018/03/manifold-main_1.jpg
83,,,build-material-support-left-and-dissolvable-pva-prusa-printers-190718,"https://i.all3dp.com/cdn-cgi/image/fit=cover,w=1284,h=722,gravity=0.5x0.5,format=auto/wp-content/uploads/2019/07/29090445/build-material-support-left-and-dissolvable-pva-prusa-printers-190718.jpg"
84,,1,TOP-10-art-COVER-1,https://www.3dnatives.com/en/wp-content/uploads/sites/2/TOP-10-art-COVER-1.png
85,,1,HK3DPrintAECsamples-0.1506070622.7394,https://archello.s3.eu-central-1.amazonaws.com/images/2014/07/20/HK3DPrintAECsamples-0.1506070622.7394.jpg
86,,1,maxresdefault,https://i.ytimg.com/vi/d3ZvL5KUvSs/maxresdefault.jpg
87,,1,image007_ncetaf,"https://res.cloudinary.com/engineering-com/image/upload/w_640,h_640,c_limit/image007_ncetaf.jpg"
88,,,photo3,https://s3-eu-west-1.amazonaws.com/3dhubs-knowledgebase/supports-3d-printing-technology-overview/photo3.jpg
89,,,AmeraLabs-key-principles-of-supports-that-work-experiment-header-picture-1,https://ameralabs.com/uploads/AmeraLabs-key-principles-of-supports-that-work-experiment-header-picture-1.jpg
90,,,maxresdefault,https://i.ytimg.com/vi/DUuQe_eecwI/maxresdefault.jpg
91,,,nanoDLPSupport,https://i1.wp.com/www.muve3d.net/press/wp-content/uploads/nanoDLPSupport.jpg?resize=914%2C630&ssl=1
93,,,C2,https://3dprint.com/wp-content/uploads/2015/07/C2.png
94,,,sc1_orig,https://www.orsovann3djewelry.com/uploads/6/4/1/0/6410266/sc1_orig.jpg
95,,,maxresdefault,https://i.ytimg.com/vi/aFTyTV3wwsE/maxresdefault.jpg
96,,,maxresdefault,https://i.ytimg.com/vi/jB3T7snEYq0/maxresdefault.jpg
97,,,maxresdefault,https://i.ytimg.com/vi/0S1xYPhsBJo/maxresdefault.jpg
98,,,maxresdefault,https://i.ytimg.com/vi/TJRXTFLWIL8/maxresdefault.jpg
99,,,B9Creator_2017-10-09_17-05-41_large,https://cdn.shopify.com/s/files/1/1660/9083/files/B9Creator_2017-10-09_17-05-41_large.png?v=1507593964
100,,1,maxresdefault,https://i.ytimg.com/vi/-GlZ4HZoE1Y/maxresdefault.jpg
101,,,Die_CAD_Support,https://cdn.freshdesk.com/data/helpdesk/attachments/production/5001625728/original/Die_CAD_Support.png?1412800672
102,,1,48477fde57b7dd45395f6fa657efb19f,https://i.pinimg.com/originals/48/47/7f/48477fde57b7dd45395f6fa657efb19f.jpg
103,,1,48477fde57b7dd45395f6fa657efb19f,https://i.pinimg.com/originals/48/47/7f/48477fde57b7dd45395f6fa657efb19f.jpg
104,,1,kudo3d-titan1-3d-printing-sappho-head-540x272,https://kudo3dzone-qvtvw6b193qlqida8iy5.netdna-ssl.com/wp-content/uploads/2016/07/kudo3d-titan1-3d-printing-sappho-head-540x272.jpg
105,,1,cover-106,https://www.3dnatives.com/en/wp-content/uploads/sites/2/cover-106.jpg
106,,1,3d-print-rayware-support-material-1024x758,https://www.desktopmachinery.com/wp-content/uploads/2018/10/3d-print-rayware-support-material-1024x758.jpg
107,,1,VeroWhite-02,https://cdn2.sculpteo.com/wp-content/uploads/2019/07/VeroWhite-02.jpg
108,,,3d-hubs-181114,https://i.all3dp.com/wp-content/uploads/2018/11/14122224/3d-hubs-181114.jpg
109,,1,meshmixer_2017-10-09_17-11-14_455x300@2x,https://cdn.shopify.com/s/files/1/1660/9083/articles/meshmixer_2017-10-09_17-11-14_455x300@2x.png?v=1507594565
110,,,Easy-Cast-2.0-supports-1024x787,https://envisiontec.com/wp-content/uploads/2018/02/Easy-Cast-2.0-supports-1024x787.png
112,,,e8086311e9acf3003398fb488440731c7d194830,https://www.3dhubs.com/talk/uploads/db5060/original/2X/e/e8086311e9acf3003398fb488440731c7d194830.jpg
113,,,AmeraLabs-key-principles-of-supports-that-work-blog,https://ameralabs.com/uploads/AmeraLabs-key-principles-of-supports-that-work-blog.jpg
115,,,AQgJfa4,https://i.imgur.com/AQgJfa4.jpg
116,,,Supports_in_3D_printing,https://upload.wikimedia.org/wikipedia/commons/1/1e/Supports_in_3D_printing.png
117,,,damage_3dhubs_resized,"https://i.all3dp.com/cdn-cgi/image/fit=cover,w=360,gravity=0.5x0.5,format=auto/wp-content/uploads/2018/04/26153100/damage_3dhubs_resized.jpg"
118,,,DSC09961-Edit,https://images.ctfassets.net/q2hzfkp3j57e/21d130a30383cad6a0e23472e850dbf174d799d8/ec73bd991050f614d213beffe54c8e04/DSC09961-Edit.jpg?w=400&h=300&fm=jpg&q=82
119,,,magics2,https://www.materialise.com/sites/default/files/styles/case_teaser/public/image-uploads/pages/SW/Magics/magics2.jpg?itok=SYEFoZ3t
120,,,cb337e65134940ad3c91cc6472356847,https://i.pinimg.com/originals/cb/33/7e/cb337e65134940ad3c91cc6472356847.jpg
121,,,DSC_4618,https://ameralabs.com/uploads/DSC_4618.jpg
122,,,YT,"https://i.all3dp.com/cdn-cgi/image/fit=cover,w=800,gravity=0.5x0.5,format=auto/wp-content/uploads/2018/04/26153116/YT.png"
123,,,Ultimaker-PVA-supports-with-PLA,https://manufactur3dmag.com/wp-content/uploads/2020/08/Ultimaker-PVA-supports-with-PLA.png
124,,1,a94950c1f094b503bcd80a84d3c8d4debc153b2e,https://forum.peopoly.net/uploads/default/original/1X/a94950c1f094b503bcd80a84d3c8d4debc153b2e.jpg
125,,,2018-06-04-09_59_53-Autodesk-Meshmixer-3Dbenchy_025x.stl_,https://www.antonmansson.com/wp-content/uploads/2018/06/2018-06-04-09_59_53-Autodesk-Meshmixer-3Dbenchy_025x.stl_.jpg
126,,,52scu6pcwevz,https://i.redd.it/52scu6pcwevz.jpg
127,,1,hqdefault,https://i.ytimg.com/vi/wcwm9ddUpQI/hqdefault.jpg
128,,,b2fbadfca8ff550128822a0cc1e6ec481870c19b,https://forum.peopoly.net/uploads/default/original/2X/b/b2fbadfca8ff550128822a0cc1e6ec481870c19b.jpg
129,,,a0eaa31d137f194b9739691fb3107ffa,https://i.pinimg.com/originals/a0/ea/a3/a0eaa31d137f194b9739691fb3107ffa.jpg
130,,,printlab,https://d2f99xq7vri1nk.cloudfront.net/printlab.jpg
132,,,AmeraLabs-key-principles-of-supports-that-work-recommended-support-tips,https://ameralabs.com/uploads/AmeraLabs-key-principles-of-supports-that-work-recommended-support-tips.jpg
133,,,meshmixersupportpathological_img_5eb0ccb5441ac,https://fabbaloo.com/wp-content/uploads/2020/05/meshmixersupportpathological_img_5eb0ccb5441ac.jpg
134,,,2018-07-19%2B07_31_35-Autodesk%2BMeshmixer%2B-%2BBladeswarm-w-swords.stl,https://2.bp.blogspot.com/-BXfzxlfOo-0/W1Cha7SsiEI/AAAAAAAAKDE/d5M88SPYQnACBC_52Y6VmsTnAXPgpbiYwCK4BGAYYCw/s1600/2018-07-19%2B07_31_35-Autodesk%2BMeshmixer%2B-%2BBladeswarm-w-swords.stl.png
135,,,2018-10-05%2B12_46_30-Autodesk%2BMeshmixer%2B-%2BPowerTokenV2.stl,https://2.bp.blogspot.com/-sgb2QmtKXU0/W7e_3YpjlpI/AAAAAAAAMIA/59yHaN9MtyYkqF1XOdS-VAsXnb5XCUQ1wCK4BGAYYCw/s1600/2018-10-05%2B12_46_30-Autodesk%2BMeshmixer%2B-%2BPowerTokenV2.stl.png
136,,1,blog-e-stage-metal-aluminum-drone,https://www.materialise.com/sites/default/files/image-uploads/pages/Blog/blog-e-stage-metal-aluminum-drone.jpg
137,,,titanium%203d%20printed%20with%20e-stage%20for%20metal%20support,https://www.tctmagazine.com/downloads/11289/download/titanium%203d%20printed%20with%20e-stage%20for%20metal%20support.jpg?cb=e0ab7403da7ddd49e1e214ba1f458b18&w=1000
138,,1,43835,https://www.3dz.com.mt/wp-content/uploads//2017/12/1-5.jpg
140,,,soft_metal_form2,https://www.materialise.com/sites/default/files/image-uploads/pages/Forms/soft_metal_form2.jpg
141,,1,DnTSAlfWsAAeOPA,https://pbs.twimg.com/media/DnTSAlfWsAAeOPA.jpg
143,,,IMAGE-6a-Mammut-Bracket-StandardleistunBild3_popup,https://www.eurekamagazine.co.uk/article-images/149852/IMAGE-6a-Mammut-Bracket-StandardleistunBild3_popup.jpg
144,,,Materialise-Steel02-Jun18-375x214,https://themanufacturer-cdn-1.s3.eu-west-2.amazonaws.com/wp-content/uploads/2018/06/14122342/Materialise-Steel02-Jun18-375x214.jpg
145,,,Metal-3D-Printer-Market-1,https://training.innov8xions.com/wp-content/uploads/2019/06/Metal-3D-Printer-Market-1.jpg
146,,,aluminum-3d-prints-texas,https://www.gestockcar.com/wp-content/uploads/2018/10/aluminum-3d-prints-texas.jpg
147,,,AmeraLabs-key-principles-of-supports-that-work-blog-thumb-350x230,https://ameralabs.com/uploads/AmeraLabs-key-principles-of-supports-that-work-blog-thumb-350x230.png
148,,,titaniumE-stage_450,https://cadalyst_web.drivehq.com/EMNL_Template_Images/CADTechNews/titaniumE-stage_450.png
149,,,Autodesk-Within-Additive-Manufacturing,https://i2.wp.com/designandmotion.net/blog/wp-content/uploads/2015/09/Autodesk-Within-Additive-Manufacturing.jpg?ssl=1
150,,,Automated-B,https://www.3dmpmag.com/assets/issue/images/2018/04/Automated/Automated-B.jpg
151,,,AM_removable_partial_dentals_I_W2,https://additivemanufacturing.com/wp-content/uploads/2013/04/AM_removable_partial_dentals_I_W2.jpg
152,,,Screen-Shot-2017-04-20-at-11.38.34-1024x667,https://3dprintingindustry.com/wp-content/uploads/2017/04/Screen-Shot-2017-04-20-at-11.38.34-1024x667.png
153,,1,a-comparison-of-two-types-of-supports-formlabs-180518,https://i.all3dp.com/wp-content/uploads/2018/05/26151135/a-comparison-of-two-types-of-supports-formlabs-180518.jpg
154,,,Shiba-Dense-Support-Extruder,https://www.3dprintingmedia.network/wp-content/uploads/2017/07/Shiba-Dense-Support-Extruder.jpg
155,,,FC2F1YCJYZ1FK76,https://cdn.instructables.com/ORIG/FC2/F1YC/JYZ1FK76/FC2F1YCJYZ1FK76.jpg?frame=1
156,,,Ingeo-3D450,https://www.bioplasticsmagazine.com/bioplasticsmagazine-wAssets/img/news/Ingeo-3D450.jpg
157,,,3D-Printing-Support-Structures-All-You-Need-To-Know,https://www.prozix.com/wp-content/uploads/2020/01/3D-Printing-Support-Structures-All-You-Need-To-Know.jpg
158,,1,f2e021e79cd970138080552f95b085e1,https://i.pinimg.com/originals/f2/e0/21/f2e021e79cd970138080552f95b085e1.jpg
159,,1,titaniumE-stage,https://www.cadalyst.com/files/cadalyst/nodes/2018/39089/titaniumE-stage.jpg
160,,1,jfo13917-fig-0007-m,https://onlinelibrary.wiley.com/cms/asset/e27e9c8c-227b-4950-8416-01be1928a9aa/jfo13917-fig-0007-m.jpg
161,,,AmeraLabs_porsche_3D_printed_button_with_supports_1,https://ameralabs.com/uploads/AmeraLabs_porsche_3D_printed_button_with_supports_1.jpg
162,,,Celtic-Skulls-Compressed-copy,https://3dprint.com/wp-content/uploads/2015/07/Celtic-Skulls-Compressed-copy.png
163,,,Hollowed-bunny,https://3dprint.com/wp-content/uploads/2019/06/Hollowed-bunny.png
164,,1,eos-example-dmld-no-supports_powderbett~-~768w,https://eos-c963.kxcdn.com/05_innovation_digital_factory/thinkhub/image-thumb__5032__default-stage-background-medium_auto_55fb15e2113fe628b4736cb1191d2a93/eos-example-dmld-no-supports_powderbett~-~768w.jpeg
165,,,65695db47e2240499772e5ed8e34a361,https://www.chitubox.com/website/attach/howto/65695db47e2240499772e5ed8e34a361.jpg
167,,,Failed_horz_overhangs,https://wiki.zb45.nl/images/Failed_horz_overhangs.png
168,,,tree-support-250-1,https://3dprintingindustry.com/wp-content/uploads/2014/03/tree-support-250-1.png
171,,,screenshot-4-1-orig_orig,https://www.flashforge.com.hk/uploads/5/8/1/9/58196085/screenshot-4-1-orig_orig.jpg
172,,,8598aa6ac4ee61e67b4fdabc1741930f,https://i.pinimg.com/originals/85/98/aa/8598aa6ac4ee61e67b4fdabc1741930f.jpg
173,,,maxresdefault,https://i.ytimg.com/vi/9PTITDiGPNw/maxresdefault.jpg
174,,,add-tree-support-cut-prepare-you-model-rady-for-3d-printing,"https://fiverr-res.cloudinary.com/images/t_main1,q_auto,f_auto,q_auto,f_auto/gigs/130121504/original/02d87ed0f27ea7d862bcc9f68d101e1bd7a61fc8/add-tree-support-cut-prepare-you-model-rady-for-3d-printing.jpg"
175,,,screenshot-2_32_orig,https://www.flashforge.com.hk/uploads/5/8/1/9/58196085/screenshot-2_32_orig.jpg
176,,,Screen-Shot-2014-04-05-at-2.10.45-PM-e1396721729466,https://s9352.pcdn.co/wp-content/uploads/2015/01/Screen-Shot-2014-04-05-at-2.10.45-PM-e1396721729466.jpg
177,,,102da3680a4477c0d23d7e10517df6f3,https://i.pinimg.com/originals/10/2d/a3/102da3680a4477c0d23d7e10517df6f3.png
178,,,xx2omijnxycy,https://i.redd.it/xx2omijnxycy.png
179,,,A-part-with-3D-printing-supports-generated-using-meshmixer-o960i2hspyav2bbbl6ux4pqvb0ai9ma3i6t02bbht4,https://cdn2.sculpteo.com/wp-content/uploads/elementor/thumbs/A-part-with-3D-printing-supports-generated-using-meshmixer-o960i2hspyav2bbbl6ux4pqvb0ai9ma3i6t02bbht4.jpg
180,,,fdm-supports,https://discovery.urlibraries.org/wordpress/wp-content/uploads/2014/04/fdm-supports.png
181,,,smith3,https://3dprint.com/wp-content/uploads/2015/07/smith3.png
182,,1,NewHelix,https://3dprintingindustry.com/wp-content/uploads/2014/09/NewHelix.png
186,,,mattercontrol-support,"https://i.all3dp.com/cdn-cgi/image/fit=cover,w=900,gravity=0.5x0.5,format=auto/wp-content/uploads/2018/11/29180435/mattercontrol-support.jpg"
187,,,PrintTime_display_large,https://blogs.solidworks.com/tech/wp-content/uploads/sites/4/PrintTime_display_large.jpg
188,,,printing,https://hackaday.com/wp-content/uploads/2014/11/printing.png?w=800
189,,,jty56vpis4q11,https://i.redd.it/jty56vpis4q11.jpg
190,,,simplify3d-reduce-support-material-fabbaloo-000,https://www.solidsmack.com/wp-content/uploads/2020/04/simplify3d-reduce-support-material-fabbaloo-000.jpg
191,,1,lance-wilkinson-di-06_1024x1024,https://cdn.shopify.com/s/files/1/0249/6446/4674/products/lance-wilkinson-di-06_1024x1024.jpg?v=1577922151
192,,,image001_ujbeb8,"https://res.cloudinary.com/engineering-com/image/upload/w_640,h_640,c_limit,q_auto,f_auto/image001_ujbeb8.jpg"
193,,1,BriyurTheGnome_CastNPlay_1024x1024,https://cdn.shopify.com/s/files/1/0252/8834/3648/products/BriyurTheGnome_CastNPlay_1024x1024.png?v=1592000778
195,,1,R%C3%A9sine-complete,https://www.sculpteo.com/blog/wp-content/uploads/2015/02/R%C3%A9sine-complete.jpg
196,,1,print-stuff-for-you-using-my-resin-printer,"https://fiverr-res.cloudinary.com/images/t_main1,q_auto,f_auto,q_auto,f_auto/gigs/143327426/original/215765646e84973e70fa4f524eb3c2ef6bcce938/print-stuff-for-you-using-my-resin-printer.jpg"
198,,1,Resin-Exposure-to-IPA-experiment-blog,https://ameralabs.com/uploads/Resin-Exposure-to-IPA-experiment-blog.jpg
199,,1,f6e0ac63a1f869e0eb0be5fcf7a23be1,https://i.pinimg.com/originals/f6/e0/ac/f6e0ac63a1f869e0eb0be5fcf7a23be1.jpg