index, image_url,title
0,https://static.helpjuice.com/helpjuice_production/uploads/upload/image/2889/105014/standard-resin-with-support.jpg,standard-resin-with-support
1,https://i.materialise.com/blog/wp-content/uploads/2017/04/3d-printing-support-structure-1024x340.jpg,3d-printing-support-structure-1024x340
2,https://i.materialise.com/blog/wp-content/uploads/2017/04/standard-resin-3d-print-with-support-struecture.jpg,standard-resin-3d-print-with-support-struecture
3,https://static.helpjuice.com/helpjuice_production/uploads/upload/image/2889/105015/standard-resin-without-support.jpg,standard-resin-without-support
4,https://formlabs-media.formlabs.com/filer_public_thumbnails/filer_public/a2/7e/a27e956e-27eb-4c07-8671-11a668f9e77d/chandelier_-_image4.png__664x0_q85_subsampling-2.png,chandelier_-_image4
5,https://www.3dhubs.com/talk/uploads/db5060/original/2X/1/12347da2e2a5624db829235faec052124c34eab7.jpg,12347da2e2a5624db829235faec052124c34eab7
6,https://s.pick3dprinter.com/wp-content/uploads/2019/08/Support-Structure-3d-printing.jpg,Support-Structure-3d-printing
7,https://i.ytimg.com/vi/How6mNLz-mc/maxresdefault.jpg,maxresdefault
8,https://i.pinimg.com/originals/dc/5e/4e/dc5e4e2307f63fff46bc98637762aa84.jpg,dc5e4e2307f63fff46bc98637762aa84
9,"https://i.all3dp.com/cdn-cgi/image/fit=cover,w=1284,h=722,gravity=0.5x0.5,format=auto/wp-content/uploads/2018/05/26151135/a-comparison-of-two-types-of-supports-formlabs-180518.jpg",a-comparison-of-two-types-of-supports-formlabs-180518
10,https://cdn.shopify.com/s/files/1/1660/9083/files/meshmixer_2017-10-09_17-11-14_large.png?v=1507594351,meshmixer_2017-10-09_17-11-14_large
11,https://www.digitalengineering247.com/images/rapid-ready/materialise2.jpg,materialise2
12,https://www.lifewire.com/thmb/8pfUff99V9xY_x99A_ZiRNh9GE4=/2044x1466/filters:no_upscale():max_bytes(150000):strip_icc()/Support-Structures-5c755528c9e77c00011c826e.jpg,Support-Structures-5c755528c9e77c00011c826e
13,https://www.researchgate.net/publication/328153099/figure/fig7/AS:679630260404225@1539047889117/Support-structures-from-3D-printing-shown-on-SLA-cranium-section-left-UM-cranium.png,Support-structures-from-3D-printing-shown-on-SLA-cranium-section-left-UM-cranium
14,https://i.ytimg.com/vi/yyTjFpfGsoY/maxresdefault.jpg,maxresdefault
15,https://www.tellmehow.co/wp-content/uploads/2017/08/3d-printing-technology.png,3d-printing-technology
16,https://i.materialise.com/blog/wp-content/uploads/2017/02/3d-printed-resin-changes.jpg,3d-printed-resin-changes
17,https://i.materialise.com/img/materials/resins/SamplesGallery/StandardResin/FullSizeImages/Hit-Panther-by-Will-du-Toit.jpg,Hit-Panther-by-Will-du-Toit
18,https://i1.wp.com/3dadept.com/wp-content/uploads/2020/06/esun-water-washable-resin.png?fit=3160%2C1374&ssl=1,esun-water-washable-resin
19,https://assets.newatlas.com/dims4/default/f0b1a10/2147483647/strip/true/crop/1440x864+0+0/resize/1440x864!/quality/90/?url=http%3A%2F%2Fnewatlas-brightspot.s3.amazonaws.com%2Farchive%2Fresin-light-3d-printing-2.jpg,url=http%3A%2F%2Fnewatlas-brightspot.s3.amazonaws.com%2Farchive%2Fresin-light-3d-printing-2
20,https://i.pinimg.com/originals/67/ff/dc/67ffdced70b381ceb89b6e59d9512e21.jpg,67ffdced70b381ceb89b6e59d9512e21
22,https://i.redd.it/ebz8gkt6k3n01.jpg,ebz8gkt6k3n01
23,https://files.pinshape.com/guides/materials-guide/image07.jpg,image07
24,https://www.theburnin.com/wp-content/uploads/2020/02/EPFL-3D-Printing.jpg,EPFL-3D-Printing
25,https://i.materialise.com/blog/wp-content/uploads/2017/12/large-web_ads_imaterialise-11.jpg,large-web_ads_imaterialise-11
26,https://i.pinimg.com/474x/5e/c8/4c/5ec84c8694092c45971fb0d1007758cb.jpg,5ec84c8694092c45971fb0d1007758cb
27,https://print3dresin.com/wp-content/uploads/2018/11/ABS-matt-Grey-1.png,ABS-matt-Grey-1
28,https://cdn.shopify.com/s/files/1/0677/6533/files/DWH1GDoX0AAMWS_grande.jpg?v=1518772875,DWH1GDoX0AAMWS_grande
29,https://i.ytimg.com/vi/QZ1BJxGGQ4E/maxresdefault.jpg,maxresdefault
30,https://i.pinimg.com/originals/a5/9b/38/a59b3865319df9539115da6ecd55f7ed.png,a59b3865319df9539115da6ecd55f7ed
31,https://i.pinimg.com/564x/12/93/af/1293afbab588b6b1b6b76b898829bef1.jpg,1293afbab588b6b1b6b76b898829bef1
32,https://prehistorickids.com/wp-content/uploads/2017/08/3D-Puzzle-Metal-Earth-Dinosaur-skeleton-model-Series-Laser-Cut-Tyrannosaurus-Rex-PterosaurModel-Educational-DIY-Jigsaw-2.jpg,3D-Puzzle-Metal-Earth-Dinosaur-skeleton-model-Series-Laser-Cut-Tyrannosaurus-Rex-PterosaurModel-Educational-DIY-Jigsaw-2
33,https://cdn.shopify.com/s/files/1/1908/4073/products/plesio_bb_1024x1024.jpg?v=1553189417,plesio_bb_1024x1024
34,https://cdn.vox-cdn.com/thumbor/H-EUubswJSqERxx2zn6DQJqlGmI=/2228x0:8620x4261/1200x800/filters:focal(2228x0:8620x4261)/cdn.vox-cdn.com/uploads/chorus_image/image/51087943/jakus3HR.0.0.jpg,jakus3HR.0.0
35,https://i.materialise.com/blog/wp-content/uploads/2017/04/support-surcture-for-3d-printing.jpg,support-surcture-for-3d-printing
36,https://i.pinimg.com/originals/93/bf/73/93bf730a5183a53bb8d9bdd772a64e58.jpg,93bf730a5183a53bb8d9bdd772a64e58
37,https://print3dresin.com/wp-content/uploads/2018/11/Clear-Print.png,Clear-Print
38,https://hackaday.com/wp-content/uploads/2019/09/SLA-Print-Sample.jpg,SLA-Print-Sample
39,https://3dprintingindustry.com/wp-content/uploads/2014/03/ring-3d-printing.jpg,ring-3d-printing
40,https://kpif.umbc.edu/files/2017/01/resin-types-300x196.jpg,resin-types-300x196
41,https://3dprintingindustry.com/wp-content/uploads/2018/10/nano.png,nano
42,https://i.pinimg.com/originals/fb/d0/14/fbd0142b2d6450c114917c524e1ba190.jpg,fbd0142b2d6450c114917c524e1ba190
43,https://i.redd.it/79qhzvk4cvw31.jpg,79qhzvk4cvw31
44,https://3dprintguides.com/wp-content/uploads/2020/02/tarwarsminis-5-1400x800.jpg,tarwarsminis-5-1400x800
45,https://i1.wp.com/tangibleday.com/wp-content/uploads/2020/06/bubbles.jpg?fit=623%2C1024&ssl=1,bubbles
46,https://mir-s3-cdn-cf.behance.net/project_modules/max_1200/cb748f41092349.579887b76677f.jpg,cb748f41092349.579887b76677f
47,https://www.zbrushcentral.com/uploads/default/original/4X/d/f/1/df17f19f992921ddbac742f21ff927c34b06b07e.jpeg,df17f19f992921ddbac742f21ff927c34b06b07e
48,https://cdnb.artstation.com/p/assets/images/images/009/442/925/large/andrew-hamilton-concept-alien-copy.jpg?1519041032,andrew-hamilton-concept-alien-copy
50,https://hackaday.com/wp-content/uploads/2019/09/SLA-Print-Sample.jpg?w=800,SLA-Print-Sample
51,https://i.ytimg.com/vi/ONBHkzimRbg/maxresdefault.jpg,maxresdefault
52,https://i.ytimg.com/vi/MJxu-Y-PWvY/hqdefault.jpg,hqdefault
53,https://archive-media.formlabs.com/upload/Chandelier_-_image2.png,Chandelier_-_image2
54,https://formlabs-media.formlabs.com/filer_public_thumbnails/filer_public/04/9e/049e8653-6b0b-4a77-a44a-2e053c1c5bcf/elastic-blog-herojpg__1354x0_q85_subsampling-2.jpg__664x0_q85_subsampling-2.jpg,elastic-blog-herojpg__1354x0_q85_subsampling-2
55,https://www.prozix.com/wp-content/uploads/2019/08/3DPrintService_Section-JetEngine-2-e1566113423428.jpg,3DPrintService_Section-JetEngine-2-e1566113423428
56,https://archive-media.formlabs.com/upload/Chandelier_-_image8.png,Chandelier_-_image8
57,https://i.pinimg.com/originals/19/de/e6/19dee64a3f44fc64eb98b7a482d7b45d.jpg,19dee64a3f44fc64eb98b7a482d7b45d
58,https://media.cmsmax.com/yjedsorbioslh6anj2dr5/0141386626861.jpg,0141386626861
59,https://archive-media.formlabs.com/upload/Chandelier_-_image7.png,Chandelier_-_image7
60,https://proto3000.com/wp-content/uploads/2018/08/MakerBot-Drones-Multiple-3D-Print-Easy-Prototyping.png,MakerBot-Drones-Multiple-3D-Print-Easy-Prototyping
61,https://i.materialise.com/blog/wp-content/uploads/2018/01/ecumeur095-compressor.jpg,ecumeur095-compressor
62,https://edac.ethz.ch/Research/Design-of-4D-Printed-Deployable-Active-Systems/_jcr_content/par/fullwidthimage/image.imageformat.lightbox.650380140.png,image.imageformat.lightbox.650380140
63,https://www.3dnatives.com/en/wp-content/uploads/sites/2/cover-134.jpg,cover-134
64,https://archive-media.formlabs.com/upload/Chandelier_-_image3.png,Chandelier_-_image3
65,https://www.janestown.net/wp-content/uploads/2014/09/04_LP_bowl2_site.jpg,04_LP_bowl2_site
66,https://settingmind.com/wp-content/uploads/2019/01/Decimal_p02_H3_016_02-1.jpg,Decimal_p02_H3_016_02-1
67,https://archive-media.formlabs.com/upload/Chandelier_-_image5.png,Chandelier_-_image5
68,https://i.pinimg.com/originals/61/2f/67/612f6757233968a3176c7d6a961ec782.jpg,612f6757233968a3176c7d6a961ec782
69,https://www.3dhubs.com/talk/uploads/db5060/original/2X/6/6f71ebec019f8593a1fa016509451a4798ce0834.jpg,6f71ebec019f8593a1fa016509451a4798ce0834
70,https://i.ytimg.com/vi/er9fdQ_4xVs/maxresdefault.jpg,maxresdefault
71,https://i.ytimg.com/vi/fcCqZ9PMhtU/maxresdefault.jpg,maxresdefault
72,https://i.imgur.com/Wpv9KxU.jpg,Wpv9KxU
73,https://assets.pinshape.com/uploads/image/file/183757/container_succubus-3d-print-model-3d-printing-183757.jpg,container_succubus-3d-print-model-3d-printing-183757
74,https://www.3dhubs.com/talk/uploads/db5060/original/2X/4/4eb26495ae9f46cb90f762fb4113cfb7df570f89.jpg,4eb26495ae9f46cb90f762fb4113cfb7df570f89
75,https://i.pinimg.com/originals/2a/f7/c0/2af7c0ac12252c053a74ca15340d1f0f.jpg,2af7c0ac12252c053a74ca15340d1f0f
76,https://i.pinimg.com/originals/cb/54/de/cb54de8c548de2b932cb4e042e9f545f.png,cb54de8c548de2b932cb4e042e9f545f
78,https://www.htxt.co.za/wp-content/uploads/2017/03/Smite-Kukulkan-3D-Print-Header-Image-htxt.africa-2.jpeg,Smite-Kukulkan-3D-Print-Header-Image-htxt.africa-2
79,https://i.materialise.com/blog/wp-content/uploads/2016/05/3d-model-by-andy-jones-1024x688.jpg,3d-model-by-andy-jones-1024x688
80,https://img1.cgtrader.com/items/257766/22dc9c01c7/3d-printed-exoskeleton-arms-3d-model-stl.png,3d-printed-exoskeleton-arms-3d-model-stl
81,https://www.3dprintingmedia.network/wp-content/uploads/2017/01/50BEARS-780x405.jpg,50BEARS-780x405
82,https://bigrep.com/wp-content/uploads/2018/03/manifold-main_1.jpg,manifold-main_1
83,"https://i.all3dp.com/cdn-cgi/image/fit=cover,w=1284,h=722,gravity=0.5x0.5,format=auto/wp-content/uploads/2019/07/29090445/build-material-support-left-and-dissolvable-pva-prusa-printers-190718.jpg",build-material-support-left-and-dissolvable-pva-prusa-printers-190718
84,https://www.3dnatives.com/en/wp-content/uploads/sites/2/TOP-10-art-COVER-1.png,TOP-10-art-COVER-1
85,https://archello.s3.eu-central-1.amazonaws.com/images/2014/07/20/HK3DPrintAECsamples-0.1506070622.7394.jpg,HK3DPrintAECsamples-0.1506070622.7394
86,https://i.ytimg.com/vi/d3ZvL5KUvSs/maxresdefault.jpg,maxresdefault
87,"https://res.cloudinary.com/engineering-com/image/upload/w_640,h_640,c_limit/image007_ncetaf.jpg",image007_ncetaf
88,https://s3-eu-west-1.amazonaws.com/3dhubs-knowledgebase/supports-3d-printing-technology-overview/photo3.jpg,photo3
89,https://ameralabs.com/uploads/AmeraLabs-key-principles-of-supports-that-work-experiment-header-picture-1.jpg,AmeraLabs-key-principles-of-supports-that-work-experiment-header-picture-1
90,https://i.ytimg.com/vi/DUuQe_eecwI/maxresdefault.jpg,maxresdefault
91,https://i1.wp.com/www.muve3d.net/press/wp-content/uploads/nanoDLPSupport.jpg?resize=914%2C630&ssl=1,nanoDLPSupport
93,https://3dprint.com/wp-content/uploads/2015/07/C2.png,C2
94,https://www.orsovann3djewelry.com/uploads/6/4/1/0/6410266/sc1_orig.jpg,sc1_orig
95,https://i.ytimg.com/vi/aFTyTV3wwsE/maxresdefault.jpg,maxresdefault
96,https://i.ytimg.com/vi/jB3T7snEYq0/maxresdefault.jpg,maxresdefault
97,https://i.ytimg.com/vi/0S1xYPhsBJo/maxresdefault.jpg,maxresdefault
98,https://i.ytimg.com/vi/TJRXTFLWIL8/maxresdefault.jpg,maxresdefault
99,https://cdn.shopify.com/s/files/1/1660/9083/files/B9Creator_2017-10-09_17-05-41_large.png?v=1507593964,B9Creator_2017-10-09_17-05-41_large
100,https://i.ytimg.com/vi/-GlZ4HZoE1Y/maxresdefault.jpg,maxresdefault
101,https://cdn.freshdesk.com/data/helpdesk/attachments/production/5001625728/original/Die_CAD_Support.png?1412800672,Die_CAD_Support
102,https://i.pinimg.com/originals/48/47/7f/48477fde57b7dd45395f6fa657efb19f.jpg,48477fde57b7dd45395f6fa657efb19f
103,https://i.pinimg.com/originals/48/47/7f/48477fde57b7dd45395f6fa657efb19f.jpg,48477fde57b7dd45395f6fa657efb19f
104,https://kudo3dzone-qvtvw6b193qlqida8iy5.netdna-ssl.com/wp-content/uploads/2016/07/kudo3d-titan1-3d-printing-sappho-head-540x272.jpg,kudo3d-titan1-3d-printing-sappho-head-540x272
105,https://www.3dnatives.com/en/wp-content/uploads/sites/2/cover-106.jpg,cover-106
106,https://www.desktopmachinery.com/wp-content/uploads/2018/10/3d-print-rayware-support-material-1024x758.jpg,3d-print-rayware-support-material-1024x758
107,https://cdn2.sculpteo.com/wp-content/uploads/2019/07/VeroWhite-02.jpg,VeroWhite-02
108,https://i.all3dp.com/wp-content/uploads/2018/11/14122224/3d-hubs-181114.jpg,3d-hubs-181114
109,https://cdn.shopify.com/s/files/1/1660/9083/articles/meshmixer_2017-10-09_17-11-14_455x300@2x.png?v=1507594565,meshmixer_2017-10-09_17-11-14_455x300@2x
110,https://envisiontec.com/wp-content/uploads/2018/02/Easy-Cast-2.0-supports-1024x787.png,Easy-Cast-2.0-supports-1024x787
112,https://www.3dhubs.com/talk/uploads/db5060/original/2X/e/e8086311e9acf3003398fb488440731c7d194830.jpg,e8086311e9acf3003398fb488440731c7d194830
113,https://ameralabs.com/uploads/AmeraLabs-key-principles-of-supports-that-work-blog.jpg,AmeraLabs-key-principles-of-supports-that-work-blog
115,https://i.imgur.com/AQgJfa4.jpg,AQgJfa4
116,https://upload.wikimedia.org/wikipedia/commons/1/1e/Supports_in_3D_printing.png,Supports_in_3D_printing
117,"https://i.all3dp.com/cdn-cgi/image/fit=cover,w=360,gravity=0.5x0.5,format=auto/wp-content/uploads/2018/04/26153100/damage_3dhubs_resized.jpg",damage_3dhubs_resized
118,https://images.ctfassets.net/q2hzfkp3j57e/21d130a30383cad6a0e23472e850dbf174d799d8/ec73bd991050f614d213beffe54c8e04/DSC09961-Edit.jpg?w=400&h=300&fm=jpg&q=82,DSC09961-Edit
119,https://www.materialise.com/sites/default/files/styles/case_teaser/public/image-uploads/pages/SW/Magics/magics2.jpg?itok=SYEFoZ3t,magics2
120,https://i.pinimg.com/originals/cb/33/7e/cb337e65134940ad3c91cc6472356847.jpg,cb337e65134940ad3c91cc6472356847
121,https://ameralabs.com/uploads/DSC_4618.jpg,DSC_4618
122,"https://i.all3dp.com/cdn-cgi/image/fit=cover,w=800,gravity=0.5x0.5,format=auto/wp-content/uploads/2018/04/26153116/YT.png",YT
123,https://manufactur3dmag.com/wp-content/uploads/2020/08/Ultimaker-PVA-supports-with-PLA.png,Ultimaker-PVA-supports-with-PLA
124,https://forum.peopoly.net/uploads/default/original/1X/a94950c1f094b503bcd80a84d3c8d4debc153b2e.jpg,a94950c1f094b503bcd80a84d3c8d4debc153b2e
125,https://www.antonmansson.com/wp-content/uploads/2018/06/2018-06-04-09_59_53-Autodesk-Meshmixer-3Dbenchy_025x.stl_.jpg,2018-06-04-09_59_53-Autodesk-Meshmixer-3Dbenchy_025x.stl_
126,https://i.redd.it/52scu6pcwevz.jpg,52scu6pcwevz
127,https://i.ytimg.com/vi/wcwm9ddUpQI/hqdefault.jpg,hqdefault
128,https://forum.peopoly.net/uploads/default/original/2X/b/b2fbadfca8ff550128822a0cc1e6ec481870c19b.jpg,b2fbadfca8ff550128822a0cc1e6ec481870c19b
129,https://i.pinimg.com/originals/a0/ea/a3/a0eaa31d137f194b9739691fb3107ffa.jpg,a0eaa31d137f194b9739691fb3107ffa
130,https://d2f99xq7vri1nk.cloudfront.net/printlab.jpg,printlab
132,https://ameralabs.com/uploads/AmeraLabs-key-principles-of-supports-that-work-recommended-support-tips.jpg,AmeraLabs-key-principles-of-supports-that-work-recommended-support-tips
133,https://fabbaloo.com/wp-content/uploads/2020/05/meshmixersupportpathological_img_5eb0ccb5441ac.jpg,meshmixersupportpathological_img_5eb0ccb5441ac
134,https://2.bp.blogspot.com/-BXfzxlfOo-0/W1Cha7SsiEI/AAAAAAAAKDE/d5M88SPYQnACBC_52Y6VmsTnAXPgpbiYwCK4BGAYYCw/s1600/2018-07-19%2B07_31_35-Autodesk%2BMeshmixer%2B-%2BBladeswarm-w-swords.stl.png,2018-07-19%2B07_31_35-Autodesk%2BMeshmixer%2B-%2BBladeswarm-w-swords.stl
135,https://2.bp.blogspot.com/-sgb2QmtKXU0/W7e_3YpjlpI/AAAAAAAAMIA/59yHaN9MtyYkqF1XOdS-VAsXnb5XCUQ1wCK4BGAYYCw/s1600/2018-10-05%2B12_46_30-Autodesk%2BMeshmixer%2B-%2BPowerTokenV2.stl.png,2018-10-05%2B12_46_30-Autodesk%2BMeshmixer%2B-%2BPowerTokenV2.stl
136,https://www.materialise.com/sites/default/files/image-uploads/pages/Blog/blog-e-stage-metal-aluminum-drone.jpg,blog-e-stage-metal-aluminum-drone
137,https://www.tctmagazine.com/downloads/11289/download/titanium%203d%20printed%20with%20e-stage%20for%20metal%20support.jpg?cb=e0ab7403da7ddd49e1e214ba1f458b18&w=1000,titanium%203d%20printed%20with%20e-stage%20for%20metal%20support
138,https://www.3dz.com.mt/wp-content/uploads//2017/12/1-5.jpg,1-5
140,https://www.materialise.com/sites/default/files/image-uploads/pages/Forms/soft_metal_form2.jpg,soft_metal_form2
141,https://pbs.twimg.com/media/DnTSAlfWsAAeOPA.jpg,DnTSAlfWsAAeOPA
143,https://www.eurekamagazine.co.uk/article-images/149852/IMAGE-6a-Mammut-Bracket-StandardleistunBild3_popup.jpg,IMAGE-6a-Mammut-Bracket-StandardleistunBild3_popup
144,https://themanufacturer-cdn-1.s3.eu-west-2.amazonaws.com/wp-content/uploads/2018/06/14122342/Materialise-Steel02-Jun18-375x214.jpg,Materialise-Steel02-Jun18-375x214
145,https://training.innov8xions.com/wp-content/uploads/2019/06/Metal-3D-Printer-Market-1.jpg,Metal-3D-Printer-Market-1
146,https://www.gestockcar.com/wp-content/uploads/2018/10/aluminum-3d-prints-texas.jpg,aluminum-3d-prints-texas
147,https://ameralabs.com/uploads/AmeraLabs-key-principles-of-supports-that-work-blog-thumb-350x230.png,AmeraLabs-key-principles-of-supports-that-work-blog-thumb-350x230
148,https://cadalyst_web.drivehq.com/EMNL_Template_Images/CADTechNews/titaniumE-stage_450.png,titaniumE-stage_450
149,https://i2.wp.com/designandmotion.net/blog/wp-content/uploads/2015/09/Autodesk-Within-Additive-Manufacturing.jpg?ssl=1,Autodesk-Within-Additive-Manufacturing
150,https://www.3dmpmag.com/assets/issue/images/2018/04/Automated/Automated-B.jpg,Automated-B
151,https://additivemanufacturing.com/wp-content/uploads/2013/04/AM_removable_partial_dentals_I_W2.jpg,AM_removable_partial_dentals_I_W2
152,https://3dprintingindustry.com/wp-content/uploads/2017/04/Screen-Shot-2017-04-20-at-11.38.34-1024x667.png,Screen-Shot-2017-04-20-at-11.38.34-1024x667
153,https://i.all3dp.com/wp-content/uploads/2018/05/26151135/a-comparison-of-two-types-of-supports-formlabs-180518.jpg,a-comparison-of-two-types-of-supports-formlabs-180518
154,https://www.3dprintingmedia.network/wp-content/uploads/2017/07/Shiba-Dense-Support-Extruder.jpg,Shiba-Dense-Support-Extruder
155,https://cdn.instructables.com/ORIG/FC2/F1YC/JYZ1FK76/FC2F1YCJYZ1FK76.jpg?frame=1,FC2F1YCJYZ1FK76
156,https://www.bioplasticsmagazine.com/bioplasticsmagazine-wAssets/img/news/Ingeo-3D450.jpg,Ingeo-3D450
157,https://www.prozix.com/wp-content/uploads/2020/01/3D-Printing-Support-Structures-All-You-Need-To-Know.jpg,3D-Printing-Support-Structures-All-You-Need-To-Know
158,https://i.pinimg.com/originals/f2/e0/21/f2e021e79cd970138080552f95b085e1.jpg,f2e021e79cd970138080552f95b085e1
159,https://www.cadalyst.com/files/cadalyst/nodes/2018/39089/titaniumE-stage.jpg,titaniumE-stage
160,https://onlinelibrary.wiley.com/cms/asset/e27e9c8c-227b-4950-8416-01be1928a9aa/jfo13917-fig-0007-m.jpg,jfo13917-fig-0007-m
161,https://ameralabs.com/uploads/AmeraLabs_porsche_3D_printed_button_with_supports_1.jpg,AmeraLabs_porsche_3D_printed_button_with_supports_1
162,https://3dprint.com/wp-content/uploads/2015/07/Celtic-Skulls-Compressed-copy.png,Celtic-Skulls-Compressed-copy
163,https://3dprint.com/wp-content/uploads/2019/06/Hollowed-bunny.png,Hollowed-bunny
164,https://eos-c963.kxcdn.com/05_innovation_digital_factory/thinkhub/image-thumb__5032__default-stage-background-medium_auto_55fb15e2113fe628b4736cb1191d2a93/eos-example-dmld-no-supports_powderbett~-~768w.jpeg,eos-example-dmld-no-supports_powderbett~-~768w
165,https://www.chitubox.com/website/attach/howto/65695db47e2240499772e5ed8e34a361.jpg,65695db47e2240499772e5ed8e34a361
167,https://wiki.zb45.nl/images/Failed_horz_overhangs.png,Failed_horz_overhangs
168,https://3dprintingindustry.com/wp-content/uploads/2014/03/tree-support-250-1.png,tree-support-250-1
171,https://www.flashforge.com.hk/uploads/5/8/1/9/58196085/screenshot-4-1-orig_orig.jpg,screenshot-4-1-orig_orig
172,https://i.pinimg.com/originals/85/98/aa/8598aa6ac4ee61e67b4fdabc1741930f.jpg,8598aa6ac4ee61e67b4fdabc1741930f
173,https://i.ytimg.com/vi/9PTITDiGPNw/maxresdefault.jpg,maxresdefault
174,"https://fiverr-res.cloudinary.com/images/t_main1,q_auto,f_auto,q_auto,f_auto/gigs/130121504/original/02d87ed0f27ea7d862bcc9f68d101e1bd7a61fc8/add-tree-support-cut-prepare-you-model-rady-for-3d-printing.jpg",add-tree-support-cut-prepare-you-model-rady-for-3d-printing
175,https://www.flashforge.com.hk/uploads/5/8/1/9/58196085/screenshot-2_32_orig.jpg,screenshot-2_32_orig
176,https://s9352.pcdn.co/wp-content/uploads/2015/01/Screen-Shot-2014-04-05-at-2.10.45-PM-e1396721729466.jpg,Screen-Shot-2014-04-05-at-2.10.45-PM-e1396721729466
177,https://i.pinimg.com/originals/10/2d/a3/102da3680a4477c0d23d7e10517df6f3.png,102da3680a4477c0d23d7e10517df6f3
178,https://i.redd.it/xx2omijnxycy.png,xx2omijnxycy
179,https://cdn2.sculpteo.com/wp-content/uploads/elementor/thumbs/A-part-with-3D-printing-supports-generated-using-meshmixer-o960i2hspyav2bbbl6ux4pqvb0ai9ma3i6t02bbht4.jpg,A-part-with-3D-printing-supports-generated-using-meshmixer-o960i2hspyav2bbbl6ux4pqvb0ai9ma3i6t02bbht4
180,https://discovery.urlibraries.org/wordpress/wp-content/uploads/2014/04/fdm-supports.png,fdm-supports
181,https://3dprint.com/wp-content/uploads/2015/07/smith3.png,smith3
182,https://3dprintingindustry.com/wp-content/uploads/2014/09/NewHelix.png,NewHelix
186,"https://i.all3dp.com/cdn-cgi/image/fit=cover,w=900,gravity=0.5x0.5,format=auto/wp-content/uploads/2018/11/29180435/mattercontrol-support.jpg",mattercontrol-support
187,https://blogs.solidworks.com/tech/wp-content/uploads/sites/4/PrintTime_display_large.jpg,PrintTime_display_large
188,https://hackaday.com/wp-content/uploads/2014/11/printing.png?w=800,printing
189,https://i.redd.it/jty56vpis4q11.jpg,jty56vpis4q11
190,https://www.solidsmack.com/wp-content/uploads/2020/04/simplify3d-reduce-support-material-fabbaloo-000.jpg,simplify3d-reduce-support-material-fabbaloo-000
191,https://cdn.shopify.com/s/files/1/0249/6446/4674/products/lance-wilkinson-di-06_1024x1024.jpg?v=1577922151,lance-wilkinson-di-06_1024x1024
192,"https://res.cloudinary.com/engineering-com/image/upload/w_640,h_640,c_limit,q_auto,f_auto/image001_ujbeb8.jpg",image001_ujbeb8
193,https://cdn.shopify.com/s/files/1/0252/8834/3648/products/BriyurTheGnome_CastNPlay_1024x1024.png?v=1592000778,BriyurTheGnome_CastNPlay_1024x1024
195,https://www.sculpteo.com/blog/wp-content/uploads/2015/02/R%C3%A9sine-complete.jpg,R%C3%A9sine-complete
196,"https://fiverr-res.cloudinary.com/images/t_main1,q_auto,f_auto,q_auto,f_auto/gigs/143327426/original/215765646e84973e70fa4f524eb3c2ef6bcce938/print-stuff-for-you-using-my-resin-printer.jpg",print-stuff-for-you-using-my-resin-printer
198,https://ameralabs.com/uploads/Resin-Exposure-to-IPA-experiment-blog.jpg,Resin-Exposure-to-IPA-experiment-blog
199,https://i.pinimg.com/originals/f6/e0/ac/f6e0ac63a1f869e0eb0be5fcf7a23be1.jpg,f6e0ac63a1f869e0eb0be5fcf7a23be1
