index, image_url1,https://i.materialise.com/blog/wp-content/uploads/2017/04/3d-printing-support-structure-1024x340.jpg
2,https://i.materialise.com/blog/wp-content/uploads/2017/04/standard-resin-3d-print-with-support-struecture.jpg
3,https://static.helpjuice.com/helpjuice_production/uploads/upload/image/2889/105015/standard-resin-without-support.jpg
4,https://formlabs-media.formlabs.com/filer_public_thumbnails/filer_public/a2/7e/a27e956e-27eb-4c07-8671-11a668f9e77d/chandelier_-_image4.png__664x0_q85_subsampling-2.png
4,https://formlabs-media.formlabs.com/filer_public_thumbnails/filer_public/a2/7e/a27e956e-27eb-4c07-8671-11a668f9e77d/chandelier_-_image4.png__664x0_q85_subsampling-2.png
6,https://s.pick3dprinter.com/wp-content/uploads/2019/08/Support-Structure-3d-printing.jpg
6,https://s.pick3dprinter.com/wp-content/uploads/2019/08/Support-Structure-3d-printing.jpg
8,https://i.pinimg.com/originals/dc/5e/4e/dc5e4e2307f63fff46bc98637762aa84.jpg
8,https://i.pinimg.com/originals/dc/5e/4e/dc5e4e2307f63fff46bc98637762aa84.jpg
10,https://cdn.shopify.com/s/files/1/1660/9083/files/meshmixer_2017-10-09_17-11-14_large.png?v=1507594351
